jonas_url,
http://jonas.irht.cnrs.fr/oeuvre/10000,
http://jonas.irht.cnrs.fr/oeuvre/10001,
http://jonas.irht.cnrs.fr/oeuvre/10002,
http://jonas.irht.cnrs.fr/oeuvre/10003,
http://jonas.irht.cnrs.fr/oeuvre/10004,
http://jonas.irht.cnrs.fr/oeuvre/10005,
http://jonas.irht.cnrs.fr/oeuvre/10006,
http://jonas.irht.cnrs.fr/oeuvre/10007,
http://jonas.irht.cnrs.fr/oeuvre/10008,
http://jonas.irht.cnrs.fr/oeuvre/10009,
http://jonas.irht.cnrs.fr/oeuvre/10010,
http://jonas.irht.cnrs.fr/oeuvre/10011,
http://jonas.irht.cnrs.fr/oeuvre/10012,
http://jonas.irht.cnrs.fr/oeuvre/10013,
http://jonas.irht.cnrs.fr/oeuvre/10014,
http://jonas.irht.cnrs.fr/oeuvre/10015,
http://jonas.irht.cnrs.fr/oeuvre/10016,
http://jonas.irht.cnrs.fr/oeuvre/10017,
http://jonas.irht.cnrs.fr/oeuvre/10018,
http://jonas.irht.cnrs.fr/oeuvre/10019,
http://jonas.irht.cnrs.fr/oeuvre/10020,
http://jonas.irht.cnrs.fr/oeuvre/10021,